Roll Number,Score
200939,71.49271631240845
200948,71.5227484703064
